Workbook

Sheet Customer_Data
A1: Customer ID | B1: Age | C1: Gender | D1: Location | E1: Preferred Category | F1: Orders | G1: Average Order Value | H1: Total Spend | I1: Days Since Last Purchase | J1: Website Visits
A2: C001 | B2: 56 | C2: Female | D2: Pune | E2: Beauty | F2: 4 | G2: 4110 | H2: 16440 | I2: 147 | J2: 11
A3: C002 | B3: 46 | C3: Female | D3: Mumbai | E3: Beauty | F3: 2 | G3: 2521 | H3: 5042 | I3: 163 | J3: 18
A4: C003 | B4: 32 | C4: Male | D4: Mumbai | E4: Grocery | F4: 4 | G4: 3806 | H4: 15224 | I4: 159 | J4: 21
A5: C004 | B5: 60 | C5: Male | D5: Delhi | E5: Electronics | F5: 15 | G5: 1780 | H5: 26700 | I5: 143 | J5: 25
A6: C005 | B6: 25 | C6: Male | D6: Patna | E6: Fashion | F6: 10 | G6: 4082 | H6: 40820 | I6: 48 | J6: 6
A7: C006 | B7: 38 | C7: Male | D7: Delhi | E7: Electronics | F7: 10 | G7: 2057 | H7: 20570 | I7: 37 | J7: 35
A8: C007 | B8: 56 | C8: Female | D8: Bengaluru | E8: Fashion | F8: 3 | G8: 543 | H8: 1629 | I8: 136 | J8: 7
A9: C008 | B9: 36 | C9: Female | D9: Pune | E9: Fashion | F9: 10 | G9: 4122 | H9: 41220 | I9: 84 | J9: 3
A10: C009 | B10: 40 | C10: Female | D10: Delhi | E10: Fashion | F10: 1 | G10: 865 | H10: 865 | I10: 117 | J10: 14
A11: C010 | B11: 28 | C11: Male | D11: Mumbai | E11: Fashion | F11: 8 | G11: 1777 | H11: 14216 | I11: 49 | J11: 44
A12: C011 | B12: 28 | C12: Male | D12: Pune | E12: Home | F12: 5 | G12: 4300 | H12: 21500 | I12: 155 | J12: 44
A13: C012 | B13: 41 | C13: Female | D13: Pune | E13: Grocery | F13: 13 | G13: 4302 | H13: 55926 | I13: 12 | J13: 49
... A101: C100 | B101: 45 | C101: Male | D101: Mumbai | E101: Grocery | F101: 14 | G101: 3293 | H101: 46102 | I101: 147 | J101: 27

Sheet Segmentation
A1: Customer ID | B1: Age | C1: Gender | D1: Location | E1: Preferred Category | F1: Orders | G1: Average Order Value | H1: Total Spend | I1: Days Since Last Purchase | J1: Website Visits | K1: Recency Score | L1: Frequency Score | M1: Monetary Score | N1: Engagement Score | O1: RFM Score | P1: Customer Segment
A2: C001 | B2: 56 | C2: Female | D2: Pune | E2: Beauty | F2: 4 | G2: 4110 | H2: 16440 | I2: 147 | J2: 11 | K2: =IF(I2<=30,5,IF(I2<=60,4,IF(I2<=90,3,IF(I2<=120,2,1)))) -> 1 | L2: =IF(F2>=13,5,IF(F2>=10,4,IF(F2>=7,3,IF(F2>=4,2,1)))) -> 2 | M2: =IF(H2>=40000,5,IF(H2>=25000,4,IF(H2>=15000,3,IF(H2>=7500,2,1)))) -> 3 | N2: =IF(J2>=PERCENTILE($J$2:$J$101,0.8),5,IF(J2>=PERCENTILE($J$2:$J$101,0.6),4,IF(J2>=PERCENTILE($J$2:$J$101,0.4),3,IF(J2>=PERCENTILE($J$2:$J$101,0.2),2,1)))) -> 1 | O2: =K2+L2+M2 -> 6 | P2: =IF(AND(K2>=4,L2>=4,M2>=4),"VIP",IF(AND(K2>=4,L2>=3),"Loyal",IF(AND(K2>=4,L2<3),"Potential",IF(AND(K2<=2,L2>=3),"At-Risk","Low-Value")))) -> Low-Value
A3: C002 | B3: 46 | C3: Female | D3: Mumbai | E3: Beauty | F3: 2 | G3: 2521 | H3: 5042 | I3: 163 | J3: 18 | K3: =IF(I3<=30,5,IF(I3<=60,4,IF(I3<=90,3,IF(I3<=120,2,1)))) -> 1 | L3: =IF(F3>=13,5,IF(F3>=10,4,IF(F3>=7,3,IF(F3>=4,2,1)))) -> 1 | M3: =IF(H3>=40000,5,IF(H3>=25000,4,IF(H3>=15000,3,IF(H3>=7500,2,1)))) -> 1 | N3: =IF(J3>=PERCENTILE($J$2:$J$101,0.8),5,IF(J3>=PERCENTILE($J$2:$J$101,0.6),4,IF(J3>=PERCENTILE($J$2:$J$101,0.4),3,IF(J3>=PERCENTILE($J$2:$J$101,0.2),2,1)))) -> 2 | O3: =K3+L3+M3 -> 3 | P3: =IF(AND(K3>=4,L3>=4,M3>=4),"VIP",IF(AND(K3>=4,L3>=3),"Loyal",IF(AND(K3>=4,L3<3),"Potential",IF(AND(K3<=2,L3>=3),"At-Risk","Low-Value")))) -> Low-Value
A4: C003 | B4: 32 | C4: Male | D4: Mumbai | E4: Grocery | F4: 4 | G4: 3806 | H4: 15224 | I4: 159 | J4: 21 | K4: =IF(I4<=30,5,IF(I4<=60,4,IF(I4<=90,3,IF(I4<=120,2,1)))) -> 1 | L4: =IF(F4>=13,5,IF(F4>=10,4,IF(F4>=7,3,IF(F4>=4,2,1)))) -> 2 | M4: =IF(H4>=40000,5,IF(H4>=25000,4,IF(H4>=15000,3,IF(H4>=7500,2,1)))) -> 3 | N4: =IF(J4>=PERCENTILE($J$2:$J$101,0.8),5,IF(J4>=PERCENTILE($J$2:$J$101,0.6),4,IF(J4>=PERCENTILE($J$2:$J$101,0.4),3,IF(J4>=PERCENTILE($J$2:$J$101,0.2),2,1)))) -> 2 | O4: =K4+L4+M4 -> 6 | P4: =IF(AND(K4>=4,L4>=4,M4>=4),"VIP",IF(AND(K4>=4,L4>=3),"Loyal",IF(AND(K4>=4,L4<3),"Potential",IF(AND(K4<=2,L4>=3),"At-Risk","Low-Value")))) -> Low-Value
A5: C004 | B5: 60 | C5: Male | D5: Delhi | E5: Electronics | F5: 15 | G5: 1780 | H5: 26700 | I5: 143 | J5: 25 | K5: =IF(I5<=30,5,IF(I5<=60,4,IF(I5<=90,3,IF(I5<=120,2,1)))) -> 1 | L5: =IF(F5>=13,5,IF(F5>=10,4,IF(F5>=7,3,IF(F5>=4,2,1)))) -> 5 | M5: =IF(H5>=40000,5,IF(H5>=25000,4,IF(H5>=15000,3,IF(H5>=7500,2,1)))) -> 4 | N5: =IF(J5>=PERCENTILE($J$2:$J$101,0.8),5,IF(J5>=PERCENTILE($J$2:$J$101,0.6),4,IF(J5>=PERCENTILE($J$2:$J$101,0.4),3,IF(J5>=PERCENTILE($J$2:$J$101,0.2),2,1)))) -> 3 | O5: =K5+L5+M5 -> 10 | P5: =IF(AND(K5>=4,L5>=4,M5>=4),"VIP",IF(AND(K5>=4,L5>=3),"Loyal",IF(AND(K5>=4,L5<3),"Potential",IF(AND(K5<=2,L5>=3),"At-Risk","Low-Value")))) -> At-Risk
A6: C005 | B6: 25 | C6: Male | D6: Patna | E6: Fashion | F6: 10 | G6: 4082 | H6: 40820 | I6: 48 | J6: 6 | K6: =IF(I6<=30,5,IF(I6<=60,4,IF(I6<=90,3,IF(I6<=120,2,1)))) -> 4 | L6: =IF(F6>=13,5,IF(F6>=10,4,IF(F6>=7,3,IF(F6>=4,2,1)))) -> 4 | M6: =IF(H6>=40000,5,IF(H6>=25000,4,IF(H6>=15000,3,IF(H6>=7500,2,1)))) -> 5 | N6: =IF(J6>=PERCENTILE($J$2:$J$101,0.8),5,IF(J6>=PERCENTILE($J$2:$J$101,0.6),4,IF(J6>=PERCENTILE($J$2:$J$101,0.4),3,IF(J6>=PERCENTILE($J$2:$J$101,0.2),2,1)))) -> 1 | O6: =K6+L6+M6 -> 13 | P6: =IF(AND(K6>=4,L6>=4,M6>=4),"VIP",IF(AND(K6>=4,L6>=3),"Loyal",IF(AND(K6>=4,L6<3),"Potential",IF(AND(K6<=2,L6>=3),"At-Risk","Low-Value")))) -> VIP
A7: C006 | B7: 38 | C7: Male | D7: Delhi | E7: Electronics | F7: 10 | G7: 2057 | H7: 20570 | I7: 37 | J7: 35 | K7: =IF(I7<=30,5,IF(I7<=60,4,IF(I7<=90,3,IF(I7<=120,2,1)))) -> 4 | L7: =IF(F7>=13,5,IF(F7>=10,4,IF(F7>=7,3,IF(F7>=4,2,1)))) -> 4 | M7: =IF(H7>=40000,5,IF(H7>=25000,4,IF(H7>=15000,3,IF(H7>=7500,2,1)))) -> 3 | N7: =IF(J7>=PERCENTILE($J$2:$J$101,0.8),5,IF(J7>=PERCENTILE($J$2:$J$101,0.6),4,IF(J7>=PERCENTILE($J$2:$J$101,0.4),3,IF(J7>=PERCENTILE($J$2:$J$101,0.2),2,1)))) -> 4 | O7: =K7+L7+M7 -> 11 | P7: =IF(AND(K7>=4,L7>=4,M7>=4),"VIP",IF(AND(K7>=4,L7>=3),"Loyal",IF(AND(K7>=4,L7<3),"Potential",IF(AND(K7<=2,L7>=3),"At-Risk","Low-Value")))) -> Loyal
A8: C007 | B8: 56 | C8: Female | D8: Bengaluru | E8: Fashion | F8: 3 | G8: 543 | H8: 1629 | I8: 136 | J8: 7 | K8: =IF(I8<=30,5,IF(I8<=60,4,IF(I8<=90,3,IF(I8<=120,2,1)))) -> 1 | L8: =IF(F8>=13,5,IF(F8>=10,4,IF(F8>=7,3,IF(F8>=4,2,1)))) -> 1 | M8: =IF(H8>=40000,5,IF(H8>=25000,4,IF(H8>=15000,3,IF(H8>=7500,2,1)))) -> 1 | N8: =IF(J8>=PERCENTILE($J$2:$J$101,0.8),5,IF(J8>=PERCENTILE($J$2:$J$101,0.6),4,IF(J8>=PERCENTILE($J$2:$J$101,0.4),3,IF(J8>=PERCENTILE($J$2:$J$101,0.2),2,1)))) -> 1 | O8: =K8+L8+M8 -> 3 | P8: =IF(AND(K8>=4,L8>=4,M8>=4),"VIP",IF(AND(K8>=4,L8>=3),"Loyal",IF(AND(K8>=4,L8<3),"Potential",IF(AND(K8<=2,L8>=3),"At-Risk","Low-Value")))) -> Low-Value
A9: C008 | B9: 36 | C9: Female | D9: Pune | E9: Fashion | F9: 10 | G9: 4122 | H9: 41220 | I9: 84 | J9: 3 | K9: =IF(I9<=30,5,IF(I9<=60,4,IF(I9<=90,3,IF(I9<=120,2,1)))) -> 3 | L9: =IF(F9>=13,5,IF(F9>=10,4,IF(F9>=7,3,IF(F9>=4,2,1)))) -> 4 | M9: =IF(H9>=40000,5,IF(H9>=25000,4,IF(H9>=15000,3,IF(H9>=7500,2,1)))) -> 5 | N9: =IF(J9>=PERCENTILE($J$2:$J$101,0.8),5,IF(J9>=PERCENTILE($J$2:$J$101,0.6),4,IF(J9>=PERCENTILE($J$2:$J$101,0.4),3,IF(J9>=PERCENTILE($J$2:$J$101,0.2),2,1)))) -> 1 | O9: =K9+L9+M9 -> 12 | P9: =IF(AND(K9>=4,L9>=4,M9>=4),"VIP",IF(AND(K9>=4,L9>=3),"Loyal",IF(AND(K9>=4,L9<3),"Potential",IF(AND(K9<=2,L9>=3),"At-Risk","Low-Value")))) -> Low-Value
A10: C009 | B10: 40 | C10: Female | D10: Delhi | E10: Fashion | F10: 1 | G10: 865 | H10: 865 | I10: 117 | J10: 14 | K10: =IF(I10<=30,5,IF(I10<=60,4,IF(I10<=90,3,IF(I10<=120,2,1)))) -> 2 | L10: =IF(F10>=13,5,IF(F10>=10,4,IF(F10>=7,3,IF(F10>=4,2,1)))) -> 1 | M10: =IF(H10>=40000,5,IF(H10>=25000,4,IF(H10>=15000,3,IF(H10>=7500,2,1)))) -> 1 | N10: =IF(J10>=PERCENTILE($J$2:$J$101,0.8),5,IF(J10>=PERCENTILE($J$2:$J$101,0.6),4,IF(J10>=PERCENTILE($J$2:$J$101,0.4),3,IF(J10>=PERCENTILE($J$2:$J$101,0.2),2,1)))) -> 2 | O10: =K10+L10+M10 -> 4 | P10: =IF(AND(K10>=4,L10>=4,M10>=4),"VIP",IF(AND(K10>=4,L10>=3),"Loyal",IF(AND(K10>=4,L10<3),"Potential",IF(AND(K10<=2,L10>=3),"At-Risk","Low-Value")))) -> Low-Value
A11: C010 | B11: 28 | C11: Male | D11: Mumbai | E11: Fashion | F11: 8 | G11: 1777 | H11: 14216 | I11: 49 | J11: 44 | K11: =IF(I11<=30,5,IF(I11<=60,4,IF(I11<=90,3,IF(I11<=120,2,1)))) -> 4 | L11: =IF(F11>=13,5,IF(F11>=10,4,IF(F11>=7,3,IF(F11>=4,2,1)))) -> 3 | M11: =IF(H11>=40000,5,IF(H11>=25000,4,IF(H11>=15000,3,IF(H11>=7500,2,1)))) -> 2 | N11: =IF(J11>=PERCENTILE($J$2:$J$101,0.8),5,IF(J11>=PERCENTILE($J$2:$J$101,0.6),4,IF(J11>=PERCENTILE($J$2:$J$101,0.4),3,IF(J11>=PERCENTILE($J$2:$J$101,0.2),2,1)))) -> 5 | O11: =K11+L11+M11 -> 9 | P11: =IF(AND(K11>=4,L11>=4,M11>=4),"VIP",IF(AND(K11>=4,L11>=3),"Loyal",IF(AND(K11>=4,L11<3),"Potential",IF(AND(K11<=2,L11>=3),"At-Risk","Low-Value")))) -> Loyal
A12: C011 | B12: 28 | C12: Male | D12: Pune | E12: Home | F12: 5 | G12: 4300 | H12: 21500 | I12: 155 | J12: 44 | K12: =IF(I12<=30,5,IF(I12<=60,4,IF(I12<=90,3,IF(I12<=120,2,1)))) -> 1 | L12: =IF(F12>=13,5,IF(F12>=10,4,IF(F12>=7,3,IF(F12>=4,2,1)))) -> 2 | M12: =IF(H12>=40000,5,IF(H12>=25000,4,IF(H12>=15000,3,IF(H12>=7500,2,1)))) -> 3 | N12: =IF(J12>=PERCENTILE($J$2:$J$101,0.8),5,IF(J12>=PERCENTILE($J$2:$J$101,0.6),4,IF(J12>=PERCENTILE($J$2:$J$101,0.4),3,IF(J12>=PERCENTILE($J$2:$J$101,0.2),2,1)))) -> 5 | O12: =K12+L12+M12 -> 6 | P12: =IF(AND(K12>=4,L12>=4,M12>=4),"VIP",IF(AND(K12>=4,L12>=3),"Loyal",IF(AND(K12>=4,L12<3),"Potential",IF(AND(K12<=2,L12>=3),"At-Risk","Low-Value")))) -> Low-Value
A13: C012 | B13: 41 | C13: Female | D13: Pune | E13: Grocery | F13: 13 | G13: 4302 | H13: 55926 | I13: 12 | J13: 49 | K13: =IF(I13<=30,5,IF(I13<=60,4,IF(I13<=90,3,IF(I13<=120,2,1)))) -> 5 | L13: =IF(F13>=13,5,IF(F13>=10,4,IF(F13>=7,3,IF(F13>=4,2,1)))) -> 5 | M13: =IF(H13>=40000,5,IF(H13>=25000,4,IF(H13>=15000,3,IF(H13>=7500,2,1)))) -> 5 | N13: =IF(J13>=PERCENTILE($J$2:$J$101,0.8),5,IF(J13>=PERCENTILE($J$2:$J$101,0.6),4,IF(J13>=PERCENTILE($J$2:$J$101,0.4),3,IF(J13>=PERCENTILE($J$2:$J$101,0.2),2,1)))) -> 5 | O13: =K13+L13+M13 -> 15 | P13: =IF(AND(K13>=4,L13>=4,M13>=4),"VIP",IF(AND(K13>=4,L13>=3),"Loyal",IF(AND(K13>=4,L13<3),"Potential",IF(AND(K13<=2,L13>=3),"At-Risk","Low-Value")))) -> VIP
... A101: C100 | B101: 45 | C101: Male | D101: Mumbai | E101: Grocery | F101: 14 | G101: 3293 | H101: 46102 | I101: 147 | J101: 27 | K101: =IF(I101<=30,5,IF(I101<=60,4,IF(I101<=90,3,IF(I101<=120,2,1)))) -> 1 | L101: =IF(F101>=13,5,IF(F101>=10,4,IF(F101>=7,3,IF(F101>=4,2,1)))) -> 5 | M101: =IF(H101>=40000,5,IF(H101>=25000,4,IF(H101>=15000,3,IF(H101>=7500,2,1)))) -> 5 | N101: =IF(J101>=PERCENTILE($J$2:$J$101,0.8),5,IF(J101>=PERCENTILE($J$2:$J$101,0.6),4,IF(J101>=PERCENTILE($J$2:$J$101,0.4),3,IF(J101>=PERCENTILE($J$2:$J$101,0.2),2,1)))) -> 3 | O101: =K101+L101+M101 -> 11 | P101: =IF(AND(K101>=4,L101>=4,M101>=4),"VIP",IF(AND(K101>=4,L101>=3),"Loyal",IF(AND(K101>=4,L101<3),"Potential",IF(AND(K101<=2,L101>=3),"At-Risk","Low-Value")))) -> At-Risk

Sheet Analysis
A1: eCommerce Customer Segmentation Analysis
A3: KPI | B3: Value
A4: Total Customers | B4: =COUNTA(Segmentation!A2:A101) -> 100
A5: Total Revenue | B5: =SUM(Segmentation!H2:H101) -> 1924252
A6: Average Customer Spend | B6: =AVERAGE(Segmentation!H2:H101) -> 19242.52
A7: Total Orders | B7: =SUM(Segmentation!F2:F101) -> 729
A8: Average Orders / Customer | B8: =AVERAGE(Segmentation!F2:F101) -> 7.29
A9: Average Website Visits | B9: =AVERAGE(Segmentation!J2:J101) -> 25.89
A12: Segment Summary
A13: Segment | B13: Customers | C13: Revenue | D13: Avg Spend | E13: Avg Orders | F13: Avg Website Visits
A14: VIP | B14: =COUNTIF(Segmentation!$P$2:$P$101,A14) -> 11 | C14: =SUMIF(Segmentation!$P$2:$P$101,A14,Segmentation!$H$2:$H$101) -> 466300 | D14: =IFERROR(C14/B14,0) -> 42390.909 | E14: =IFERROR(AVERAGEIF(Segmentation!$P$2:$P$101,A14,Segmentation!$F$2:$F$101),0) -> 12.363636 | F14: =IFERROR(AVERAGEIF(Segmentation!$P$2:$P$101,A14,Segmentation!$J$2:$J$101),0) -> 19.090909
A15: Loyal | B15: =COUNTIF(Segmentation!$P$2:$P$101,A15) -> 14 | C15: =SUMIF(Segmentation!$P$2:$P$101,A15,Segmentation!$H$2:$H$101) -> 261159 | D15: =IFERROR(C15/B15,0) -> 18654.214 | E15: =IFERROR(AVERAGEIF(Segmentation!$P$2:$P$101,A15,Segmentation!$F$2:$F$101),0) -> 9.7142857 | F15: =IFERROR(AVERAGEIF(Segmentation!$P$2:$P$101,A15,Segmentation!$J$2:$J$101),0) -> 35.214286
A16: Potential | B16: =COUNTIF(Segmentation!$P$2:$P$101,A16) -> 10 | C16: =SUMIF(Segmentation!$P$2:$P$101,A16,Segmentation!$H$2:$H$101) -> 64661 | D16: =IFERROR(C16/B16,0) -> 6466.1 | E16: =IFERROR(AVERAGEIF(Segmentation!$P$2:$P$101,A16,Segmentation!$F$2:$F$101),0) -> 2.6 | F16: =IFERROR(AVERAGEIF(Segmentation!$P$2:$P$101,A16,Segmentation!$J$2:$J$101),0) -> 28.9
A17: At-Risk | B17: =COUNTIF(Segmentation!$P$2:$P$101,A17) -> 27 | C17: =SUMIF(Segmentation!$P$2:$P$101,A17,Segmentation!$H$2:$H$101) -> 689297 | D17: =IFERROR(C17/B17,0) -> 25529.519 | E17: =IFERROR(AVERAGEIF(Segmentation!$P$2:$P$101,A17,Segmentation!$F$2:$F$101),0) -> 10.148148 | F17: =IFERROR(AVERAGEIF(Segmentation!$P$2:$P$101,A17,Segmentation!$J$2:$J$101),0) -> 25.148148
A18: Low-Value | B18: =COUNTIF(Segmentation!$P$2:$P$101,A18) -> 38 | C18: =SUMIF(Segmentation!$P$2:$P$101,A18,Segmentation!$H$2:$H$101) -> 442835 | D18: =IFERROR(C18/B18,0) -> 11653.553 | E18: =IFERROR(AVERAGEIF(Segmentation!$P$2:$P$101,A18,Segmentation!$F$2:$F$101),0) -> 4.1315789 | F18: =IFERROR(AVERAGEIF(Segmentation!$P$2:$P$101,A18,Segmentation!$J$2:$J$101),0) -> 24.157895
A21: Revenue by Category
A22: Category | B22: Customers | C22: Revenue
A23: Electronics | B23: =COUNTIF(Segmentation!$E$2:$E$101,A23) -> 31 | C23: =SUMIF(Segmentation!$E$2:$E$101,A23,Segmentation!$H$2:$H$101) -> 680162
A24: Fashion | B24: =COUNTIF(Segmentation!$E$2:$E$101,A24) -> 31 | C24: =SUMIF(Segmentation!$E$2:$E$101,A24,Segmentation!$H$2:$H$101) -> 546527
A25: Beauty | B25: =COUNTIF(Segmentation!$E$2:$E$101,A25) -> 14 | C25: =SUMIF(Segmentation!$E$2:$E$101,A25,Segmentation!$H$2:$H$101) -> 204018
A26: Home | B26: =COUNTIF(Segmentation!$E$2:$E$101,A26) -> 13 | C26: =SUMIF(Segmentation!$E$2:$E$101,A26,Segmentation!$H$2:$H$101) -> 223519
A27: Grocery | B27: =COUNTIF(Segmentation!$E$2:$E$101,A27) -> 11 | C27: =SUMIF(Segmentation!$E$2:$E$101,A27,Segmentation!$H$2:$H$101) -> 270026
A29: Example Interpretation / Insights
A30: • VIP customers are the highest-value group and should receive loyalty rewards and personalized offers.
A31: • At-Risk customers have lower recency scores but can still have meaningful purchase frequency; re-engagement campaigns can help retain them.
A32: • Potential customers have relatively recent activity but lower purchase frequency, making them suitable for cross-sell and second-purchase campaigns.
A33: • Low-Value customers show weaker purchase and engagement behavior and should be targeted with lower-cost campaigns.
A34: • Revenue and customer counts by segment help prioritize marketing budget toward the most valuable and most recoverable groups.

Sheet Dashboard
A1: eCommerce Customer Segmentation Dashboard
A3: Total Customers = Analysis!B4 | D3: Total Revenue = Analysis!B5 | G3: Total Orders = Analysis!B7
A5: =Analysis!B4 -> 100 | D5: =Analysis!B5 -> 1924252 | G5: =Analysis!B7 -> 729

Sheet Methodology
A1: Customer Segmentation Methodology
A2: Item | B2: Explanation
A3: Objective | B3: Segment eCommerce customers into meaningful groups and understand their purchasing and digital behavior.
A4: Data Type | B4: Small simulated dataset of 100 fictional customers created for educational analysis.
A5: Segmentation Factors | B5: Recency, purchase frequency, monetary value, and website engagement.
A6: Recency Score | B6: 5 = purchased within 30 days; 4 = 31–60; 3 = 61–90; 2 = 91–120; 1 = over 120 days.
A7: Frequency Score | B7: 5 = 13+ orders; 4 = 10–12; 3 = 7–9; 2 = 4–6; 1 = 1–3.
A8: Monetary Score | B8: 5 = ₹40,000+; 4 = ₹25,000–39,999; 3 = ₹15,000–24,999; 2 = ₹7,500–14,999; 1 = below ₹7,500.
A9: Engagement Score | B9: Uses the same 1–5 recency-style scale as a simple proxy for digital engagement in this small simulation.
A10: VIP | B10: High recency, high frequency, and high monetary score.
A11: Loyal | B11: Recent customers with relatively high purchase frequency.
A12: Potential | B12: Recent customers with lower purchase frequency who may increase their activity.
A13: At-Risk | B13: Customers with older purchases but relatively high purchase frequency.
... A15: Business Use | B15: Use segment-level insights to personalize offers, prioritize retention, and allocate marketing budget.

Sheet README
A1: Project README
A2: Item | B2: Details
A3: Project | B3: eCommerce Customer Segmentation Analysis
A4: Purpose | B4: Analyze simulated customer behavior and divide customers into actionable segments.
A5: Tools | B5: Microsoft Excel
A6: Dataset | B6: 100 fictional/simulated customers created for this assignment.
A7: Main Analysis | B7: RFM-style scoring plus purchasing and website engagement behavior.
A8: Outputs | B8: Customer data, segmentation, KPI analysis, charts/dashboard, methodology, and business recommendations.
A9: Important Note | B9: Because this is simulated data, the results are illustrative and should not be presented as real company performance.
